,id,#nts,#bps,%unp_res,%p_res,#chains
1,3KOA_1_B-C,10,3,40,60,2
2,1YTU_1_E-F,10,4,20,80,2
3,3JXQ_1_L-K,10,4,20,80,2
4,6MSF_1_S,10,3,40,60,1
5,5XJ2_1_G,10,4,20,80,1
6,3KNA_1_B-C,12,4,"33,33","66,67",2
7,5BKL_1_UU-ll,12,4,"33,33","66,67",2
8,5D8T_1_A-B,12,4,"33,33","66,67",2
9,6GVY_1_C-B,12,5,"16,67","83,33",2
10,1WNE_1_B-C,13,4,"38,46","61,54",2
11,4X2B_1_B-C,13,4,"38,46","61,54",2
12,6PZQ_1_J-I,13,4,"38,46","61,54",2
13,7M50_1_h-S,13,4,"38,46","61,54",2
14,1N35_1_C-B,13,5,"23,08","76,92",2
15,3NL0_1_B-C,13,5,"23,08","76,92",2
16,7M50_1_n-Y,13,5,"23,08","76,92",2
17,2GXB_1_E-F,13,6,"7,69","92,31",2
18,464D_1_A-B,13,6,"7,69","92,31",2
19,4U34_1_B-A,13,6,"7,69","92,31",2
20,4U35_1_B-A,13,6,"7,69","92,31",2
21,6FQ3_1_B,13,5,"23,08","76,92",1
22,6FQL_1_B,13,5,"23,08","76,92",1
23,4JAH_1_A-B,14,4,"42,86","57,14",2
24,4WTC_1_T-P,14,5,"28,57","71,43",2
25,4WTD_1_T-P,14,5,"28,57","71,43",2
26,4WTE_1_T-P,14,5,"28,57","71,43",2
27,5BKL_1_h-S,14,5,"28,57","71,43",2
28,5U0Q_1_C-D,14,5,"28,57","71,43",2
29,2A0P_1_A-B,14,6,"14,29","85,71",2
30,2E9T_1_B-C,14,6,"14,29","85,71",2
31,3QRP_1_B-C,14,6,"14,29","85,71",2
32,3R1E_1_A-B,14,6,"14,29","85,71",2
33,3S49_1_E-F,14,6,"14,29","85,71",2
34,5HNJ_1_A-B,14,6,"14,29","85,71",2
35,5JXS_1_B-C,14,6,"14,29","85,71",2
36,6VEM_1_A-B,14,6,"14,29","85,71",2
37,7OM7_1_H-G,14,6,"14,29","85,71",2
38,2B3J_1_E,14,4,"42,86","57,14",1
39,3OIN_1_C,14,4,"42,86","57,14",1
40,4C8Y_1_C,14,4,"42,86","57,14",1
41,7MSF_1_R,14,4,"42,86","57,14",1
42,7PWG_1_w,14,4,"42,86","57,14",1
43,7PWO_1_w2,14,4,"42,86","57,14",1
44,5D0A_1_F,14,5,"28,57","71,43",1
45,6MSF_1_R,14,5,"28,57","71,43",1
46,4WZM_1_B-C,15,5,"33,33","66,67",2
47,1JZV_1_B-A,15,6,20,80,2
48,2E9R_1_A-B,15,6,20,80,2
49,2G91_1_A-B,15,6,20,80,2
50,4QPX_1_P-T,15,6,20,80,2
51,4WZQ_1_B-C,15,6,20,80,2
52,5TSN_1_P-T,15,6,20,80,2
53,2EC0_1_B-C,15,7,"6,67","93,33",2
54,3VNV_1_T-G,15,7,"6,67","93,33",2
55,7M50_1_X-m,15,7,"6,67","93,33",2
56,8E2A_1_B,15,4,"46,67","53,33",1
57,2IZN_1_R,15,5,"33,33","66,67",1
58,4Z31_1_E,15,5,"33,33","66,67",1
59,5NDH_1_A,15,5,"33,33","66,67",1
60,1YVP_1_C-D,16,5,"37,5","62,5",2
61,2BGG_1_P-Q,16,5,"37,5","62,5",2
62,2E9Z_1_B-C,16,5,"37,5","62,5",2
63,5BKL_1_Y-n,16,5,"37,5","62,5",2
64,5BKN_1_Y-n,16,5,"37,5","62,5",2
65,1ICG_1_A-B,16,6,25,75,2
66,1IHA_1_A-B,16,6,25,75,2
67,1J9H_1_A-B,16,6,25,75,2
68,1SA9_1_C-D,16,6,25,75,2
69,1SAQ_1_A-B,16,6,25,75,2
70,332D_1_A-B,16,6,25,75,2
71,3AVU_1_T-G,16,6,25,75,2
72,3GLP_1_B-A,16,6,25,75,2
73,3R1C_1_E-F,16,6,25,75,2
74,3R1C_1_K-L,16,6,25,75,2
75,3R1C_1_Q-R,16,6,25,75,2
76,402D_1_A-B,16,6,25,75,2
77,418D_1_A-B,16,6,25,75,2
78,419D_1_C-D,16,6,25,75,2
79,5LQT_1_A-B,16,6,25,75,2
80,5LR5_1_C-D,16,6,25,75,2
81,3H5X_1_T-P,16,7,"12,5","87,5",2
82,6LSE_1_C-B,16,7,"12,5","87,5",2
83,1R3E_1_C,16,5,"37,5","62,5",1
84,1U1Y_1_R,16,5,"37,5","62,5",1
85,2XLK_1_C,16,5,"37,5","62,5",1
86,5ZW4_1_D,16,5,"37,5","62,5",1
87,1ZBH_1_F,16,6,25,75,1
88,2C4Q_1_R,16,6,25,75,1
89,2F8K_1_B,16,6,25,75,1
90,4QIL_1_C,16,6,25,75,1
91,5D0B_1_F,16,6,25,75,1
92,5VJ9_1_C,16,6,25,75,1
93,5BKL_1_m-X,17,6,"29,41","70,59",2
94,5BKN_1_X-m,17,6,"29,41","70,59",2
95,7QIZ_1_aA-bA,17,6,"29,41","70,59",2
96,7Y7Q_1_C-D,17,7,"17,65","82,35",2
97,5F8N_1_B-C,17,8,"5,88","94,12",2
98,1E7K_1_C,17,5,"41,18","58,82",1
99,8H1B_1_C,17,5,"41,18","58,82",1
100,4ZLD_1_B,17,6,"29,41","70,59",1
101,6HC5_1_A,17,6,"29,41","70,59",1
102,5LQO_1_A-B,18,6,"33,33","66,67",2
103,7Y8P_1_A-B,18,6,"33,33","66,67",2
104,1N32_1_Y-Z,18,7,"22,22","77,78",2
105,7Y7P_1_C-D,18,7,"22,22","77,78",2
106,2AO5_1_C-D,18,8,"11,11","88,89",2
107,438D_1_A-B,18,8,"11,11","88,89",2
108,485D_1_A-B,18,8,"11,11","88,89",2
109,6LSG_1_B-C,18,8,"11,11","88,89",2
110,7KUN_1_A-B,18,8,"11,11","88,89",2
111,7LNE_1_A-B,18,8,"11,11","88,89",2
112,8AMI_1_B-A,18,8,"11,11","88,89",2
113,4AL5_1_B,18,5,"44,44","55,56",1
114,5MSF_1_R,18,5,"44,44","55,56",1
115,6Q8V_1_A,18,5,"44,44","55,56",1
116,3BT7_1_D,18,6,"33,33","66,67",1
117,2Y9H_1_N,18,7,"22,22","77,78",1
118,4X4U_1_G,18,7,"22,22","77,78",1
119,8HKU_1_AETN,18,7,"22,22","77,78",1
120,5G4T_1_A-B,19,5,"47,37","52,63",2
121,6LSF_1_C-B,19,6,"36,84","63,16",2
122,6MFN_1_E-C,19,6,"36,84","63,16",2
123,4B3R_1_Z-W,19,7,"26,32","73,68",2
124,1DQF_1_B-A,19,9,"5,26","94,74",2
125,1DQH_1_B-A,19,9,"5,26","94,74",2
126,1QC0_1_B-A,19,9,"5,26","94,74",2
127,6HU6_1_B-F,19,9,"5,26","94,74",2
128,6LSH_1_B-C,19,9,"5,26","94,74",2
129,1F27_1_A,19,5,"47,37","52,63",1
130,2Y8Y_1_B,19,6,"36,84","63,16",1
131,2Y9H_1_J,19,6,"36,84","63,16",1
132,4QI2_1_G,19,6,"36,84","63,16",1
133,2Y9H_1_F,19,7,"26,32","73,68",1
134,2Y9H_1_H,19,7,"26,32","73,68",1
135,4AY2_1_C,19,7,"26,32","73,68",1
136,5NDI_1_B,19,7,"26,32","73,68",1
137,6TQB_1_B,19,8,"15,79","84,21",1
138,5V1K_1_A-B,20,6,40,60,2
139,7LO9_1_A-B,20,6,40,60,2
140,7OJN_1_R-M,20,7,30,70,2
141,3AVW_1_T-G,20,8,20,80,2
142,3NJ7_1_C-D,20,8,20,80,2
143,3R1D_1_A-B,20,8,20,80,2
144,4O41_1_C-D,20,8,20,80,2
145,5DHC_1_C-D,20,8,20,80,2
146,7DFH_1_T-P,20,8,20,80,2
147,7U8B_1_A-B,20,8,20,80,2
148,8SX5_1_A-B,20,8,20,80,2
149,8SX6_1_B-A,20,8,20,80,2
150,8SXL_1_A-B,20,8,20,80,2
151,3ADL_1_B-C,20,9,10,90,2
152,7M2V_1_S-h,20,9,10,90,2
153,7M2V_1_T-k,20,9,10,90,2
154,7M2V_1_V-ww,20,9,10,90,2
155,7M2V_1_X-m,20,9,10,90,2
156,7M2V_1_Y-n,20,9,10,90,2
157,7M2V_1_yy-zz,20,9,10,90,2
158,7ORO_1_T-P,20,9,10,90,2
159,2Y8W_1_B,20,6,40,60,1
160,361D_1_B,20,6,40,60,1
161,4LGT_1_E,20,6,40,60,1
162,5F5F_1_B,20,6,40,60,1
163,7NQ4_1_C,20,6,40,60,1
164,4L8H_1_R,20,8,20,80,1
165,6TQA_1_G,20,8,20,80,1
166,5C9H_1_G-E,21,6,"42,86","57,14",2
167,3FS0_1_B-A,21,7,"33,33","66,67",2
168,7AAP_1_T-P,21,9,"14,29","85,71",2
169,7XD9_1_B-C,21,9,"14,29","85,71",2
170,5JAJ_1_X-Y,21,10,"4,76","95,24",2
171,5JCF_1_Y-X,21,10,"4,76","95,24",2
172,5F5H_1_D,21,6,"42,86","57,14",1
173,1ZL3_1_B,21,7,"33,33","66,67",1
174,2I82_1_F,21,7,"33,33","66,67",1
175,5F5H_1_C,21,7,"33,33","66,67",1
176,1KD4_1_A-B,22,6,"45,45","54,55",2
177,1KD5_1_A-B,22,6,"45,45","54,55",2
178,1LNT_1_A-B,22,6,"45,45","54,55",2
179,5C9H_1_C-D,22,6,"45,45","54,55",2
180,5AY2_1_A-B,22,8,"27,27","72,73",2
181,5L00_1_A-B,22,8,"27,27","72,73",2
182,7ECK_1_I-J,22,8,"27,27","72,73",2
183,7UU5_1_M-N,22,8,"27,27","72,73",2
184,3AVX_1_T-G,22,9,"18,18","81,82",2
185,2G92_1_A-B,22,10,"9,09","90,91",2
186,2Q1O_1_C-D,22,10,"9,09","90,91",2
187,3LRR_1_C-D,22,10,"9,09","90,91",2
188,5UED_1_A-B,22,10,"9,09","90,91",2
189,6M6S_1_C-D,22,10,"9,09","90,91",2
190,7B3D_1_T-P,22,10,"9,09","90,91",2
191,6F4H_1_B,22,6,"45,45","54,55",1
192,6H9H_1_D,22,6,"45,45","54,55",1
193,5JBG_1_X,22,9,"18,18","81,82",1
194,6KYV_1_G,22,9,"18,18","81,82",1
195,2I91_1_F-E,23,7,"39,13","60,87",2
196,3FTM_1_D-C,23,8,"30,43","69,57",2
197,5F8J_1_B-C,23,11,"4,35","95,65",2
198,5UDZ_1_W,23,6,"47,83","52,17",1
199,5UZ6_1_A,23,6,"47,83","52,17",1
200,6H9H_1_E,23,6,"47,83","52,17",1
201,2PJP_1_B,23,10,"13,04","86,96",1
202,2UWM_1_D,23,10,"13,04","86,96",1
203,1NUV_1_A-B,24,8,"33,33","66,67",2
204,1NUV_1_E-F,24,8,"33,33","66,67",2
205,5AMR_1_B-C,24,8,"33,33","66,67",2
206,205D_1_A-B,24,10,"16,67","83,33",2
207,280D_1_A-B,24,10,"16,67","83,33",2
208,2R1S_1_A-B,24,10,"16,67","83,33",2
209,3CGP_1_B-A,24,10,"16,67","83,33",2
210,3CGR_1_B-A,24,10,"16,67","83,33",2
211,3CGS_1_B-A,24,10,"16,67","83,33",2
212,3CJZ_1_A-B,24,10,"16,67","83,33",2
213,6OZP_1_C-D,24,10,"16,67","83,33",2
214,7ECN_1_A-B,24,10,"16,67","83,33",2
215,7ECO_1_E-F,24,10,"16,67","83,33",2
216,7ECP_1_A-B,24,10,"16,67","83,33",2
217,353D_1_A-B,24,11,"8,33","91,67",2
218,5E3H_1_B-C,24,11,"8,33","91,67",2
219,8ID2_1_C,24,8,"33,33","66,67",1
220,5F9F_1_F,24,10,"16,67","83,33",1
221,8BF5_1_M-R,25,9,28,72,2
222,1TFW_1_H-E,25,10,20,80,2
223,7BV2_1_T-P,25,10,20,80,2
224,7QTN_1_B-A,25,12,4,96,2
225,3GS5_1_A,25,8,36,64,1
226,2QUX_1_F,25,9,28,72,1
227,1QBP_1_A-B,26,8,"38,46","61,54",2
228,8ASD_1_T-G,26,8,"38,46","61,54",2
229,1TFW_1_G-J,26,9,"30,77","69,23",2
230,1DUQ_1_B-A,26,10,"23,08","76,92",2
231,1FUF_1_A-B,26,10,"23,08","76,92",2
232,1I9X_1_A-B,26,12,"7,69","92,31",2
233,2A43_1_A,26,7,"46,15","53,85",1
234,1JID_1_B,26,8,"38,46","61,54",1
235,6YMC_1_A,26,11,"15,38","84,62",1
236,4P97_1_A-B,27,9,"33,33","66,67",2
237,6SZV_1_R-M,27,9,"33,33","66,67",2
238,397D_1_A-B,27,11,"18,52","81,48",2
239,5Y6Z_1_B-C,27,11,"18,52","81,48",2
240,7DOI_1_T-P,27,12,"11,11","88,89",2
241,1L2X_1_A,27,8,"40,74","59,26",1
242,6XH2_1_D,27,10,"25,93","74,07",1
243,1CSL_1_B-A,28,9,"35,71","64,29",2
244,4Z31_1_C-D,28,10,"28,57","71,43",2
245,7DFG_1_T-P,28,12,"14,29","85,71",2
246,3SIU_1_F,28,8,"42,86","57,14",1
247,7R97_1_C,28,11,"21,43","78,57",1
248,6AAX_1_B,28,12,"14,29","85,71",1
249,6AJK_1_B,28,12,"14,29","85,71",1
250,4Z4D_1_B-D,29,8,"44,83","55,17",2
251,8BE0_1_M-R,29,9,"37,93","62,07",2
252,1OOA_1_C,29,9,"37,93","62,07",1
253,3MJA_1_B,29,9,"37,93","62,07",1
254,3SN2_1_B,29,12,"17,24","82,76",1
255,1JBR_1_C-F,30,8,"46,67","53,33",2
256,6OZR_1_C-D,30,10,"33,33","66,67",2
257,7EDT_1_A-B,30,10,"33,33","66,67",2
258,2AZ0_1_C-D,30,12,20,80,2
259,2H1M_1_A-B,30,12,20,80,2
260,1YZD_1_A-B,30,14,"6,67","93,33",2
261,5W0O_1_C-D,30,14,"6,67","93,33",2
262,6BGB_1_A-B,30,14,"6,67","93,33",2
263,3K1V_1_A,30,8,"46,67","53,33",1
264,5Y58_1_X,30,10,"33,33","66,67",1
265,3SNP_1_D,30,12,20,80,1
266,7QTL_1_M-R,31,9,"41,94","58,06",2
267,7C2K_1_F-G,31,14,"9,68","90,32",2
268,4X4N_1_D,31,10,"35,48","64,52",1
269,6UGI_1_A,31,12,"22,58","77,42",1
270,6H0R_1_A,31,13,"16,13","83,87",1
271,5T3K_1_A-B,32,13,"18,75","81,25",2
272,1Z7F_1_B-C,32,14,"12,5","87,5",2
273,406D_1_A-E,32,14,"12,5","87,5",2
274,4K4Z_1_N-O-P,33,14,"15,15","84,85",3
275,7OJL_1_D-E,33,9,"45,45","54,55",2
276,6N4O_1_C-D,33,11,"33,33","66,67",2
277,2OE5_1_B-A,33,12,"27,27","72,73",2
278,2OE8_1_B-A,33,12,"27,27","72,73",2
279,8D28_1_B,33,9,"45,45","54,55",1
280,8E8M_1_R,33,9,"45,45","54,55",1
281,1F1T_1_A,33,10,"39,39","60,61",1
282,2OZB_1_C,33,10,"39,39","60,61",1
283,5NS3_1_C,33,10,"39,39","60,61",1
284,8GZR_1_C,33,10,"39,39","60,61",1
285,4X4V_1_B,33,11,"33,33","66,67",1
286,5T16_1_H,33,13,"21,21","78,79",1
287,5VCI_1_A-B,34,11,"35,29","64,71",2
288,1R3E_1_D-E,34,14,"17,65","82,35",2
289,4KYY_1_A-B,34,14,"17,65","82,35",2
290,1MJI_1_D,34,10,"41,18","58,82",1
291,8D29_1_C,34,10,"41,18","58,82",1
292,8D29_1_F,34,10,"41,18","58,82",1
293,8D29_1_J,34,10,"41,18","58,82",1
294,2DRA_1_B,34,12,"29,41","70,59",1
295,4PCJ_1_A,34,12,"29,41","70,59",1
296,4OOG_1_D,34,14,"17,65","82,35",1
297,1T0E_1_A-C,35,14,20,80,2
298,6DCC_1_B,35,9,"48,57","51,43",1
299,3R9X_1_C,35,10,"42,86","57,14",1
300,3OVB_1_C,35,12,"31,43","68,57",1
301,6CF2_1_G,35,12,"31,43","68,57",1
302,6BHJ_1_E,35,14,20,80,1
303,4K4U_1_B-C-D,36,13,"27,78","72,22",3
304,3GM7_1_G-H,36,12,"33,33","66,67",2
305,3TZR_1_A-B,36,12,"33,33","66,67",2
306,4QIK_1_C-D,36,13,"27,78","72,22",2
307,3SJ2_1_A-B,36,14,"22,22","77,78",2
308,3GS5_1_C,36,11,"38,89","61,11",1
309,2HW8_1_B,36,12,"33,33","66,67",1
310,3VJR_1_B,36,12,"33,33","66,67",1
311,8AS7_1_P-T-G,37,10,"45,95","54,05",3
312,2GJW_1_I-J-L,37,13,"29,73","70,27",3
313,6TY9_1_T-N,37,12,"35,14","64,86",2
314,6DTD_1_C,37,12,"35,14","64,86",1
315,1I6U_1_C,37,15,"18,92","81,08",1
316,7N0D_1_I-L-J,38,17,"10,53","89,47",3
317,5G4U_1_I-J,38,10,"47,37","52,63",2
318,3SZX_1_A-B,38,14,"26,32","73,68",2
319,4J50_1_A-B,38,14,"26,32","73,68",2
320,4KQ0_1_B-E,38,14,"26,32","73,68",2
321,6IA2_1_A-B,38,14,"26,32","73,68",2
322,8AF0_1_C-D,38,16,"15,79","84,21",2
323,4E5C_1_A-B,38,18,"5,26","94,74",2
324,6SX2_1_C-D,38,18,"5,26","94,74",2
325,6D12_1_C,38,12,"36,84","63,16",1
326,4PDB_1_I,38,14,"26,32","73,68",1
327,4MCF_1_B-D-C-A,39,17,"12,82","87,18",4
328,4KR6_1_D,39,10,"48,72","51,28",1
329,3P22_1_A,39,11,"43,59","56,41",1
330,4KR6_1_C,39,12,"38,46","61,54",1
331,1NTA_1_A-B,40,13,35,65,2
332,4E48_1_A-B,40,14,30,70,2
333,2ZI0_1_C-D,40,18,10,90,2
334,5NWQ_1_A,40,11,45,55,1
335,7VTI_1_B,40,12,40,60,1
336,5EW4_1_B-A,41,12,"41,46","58,54",2
337,359D_1_B-A,41,13,"36,59","63,41",2
338,4P3U_1_B-A,41,16,"21,95","78,05",2
339,4P3U_1_C-D,41,16,"21,95","78,05",2
340,3BNN_1_C-D,42,12,"42,86","57,14",2
341,3BNR_1_C-D,42,12,"42,86","57,14",2
342,2PN3_1_A-B,42,14,"33,33","66,67",2
343,3TD0_1_B-A,42,14,"33,33","66,67",2
344,3LOA_1_B-A,42,15,"28,57","71,43",2
345,2ET8_1_A-B,42,16,"23,81","76,19",2
346,2O3X_1_A-B,42,16,"23,81","76,19",2
347,1RPU_1_C-D,42,18,"14,29","85,71",2
348,2ZKO_1_C-D,42,18,"14,29","85,71",2
349,4M6D_1_H,42,12,"42,86","57,14",1
350,1KH6_1_A,42,14,"33,33","66,67",1
351,5M0H_1_A,42,15,"28,57","71,43",1
352,6TW1_1_V-M,43,12,"44,19","55,81",2
353,2O3V_1_A-B,43,14,"34,88","65,12",2
354,2O3Y_1_A-B,43,14,"34,88","65,12",2
355,7KJV_1_C-D,43,21,"2,33","97,67",2
356,5BTM_1_A,43,12,"44,19","55,81",1
357,1YZ9_1_C-D-E-F,44,18,"18,18","81,82",4
358,2NUG_1_E-F-C-D,44,20,"9,09","90,91",4
359,2P7E_1_D-C-P,44,12,"45,45","54,55",3
360,4P3T_1_A-B,44,14,"36,36","63,64",2
361,3FTF_1_C-D,44,15,"31,82","68,18",2
362,4K31_1_B-C,44,16,"27,27","72,73",2
363,3FTE_1_C-D,44,17,"22,73","77,27",2
364,3MEI_1_A-B,44,17,"22,73","77,27",2
365,4ERD_1_C-D,44,17,"22,73","77,27",2
366,1ZCI_1_A-B,44,18,"18,18","81,82",2
367,2F8S_1_C-D,44,18,"18,18","81,82",2
368,3C3Z_1_A-B,44,18,"18,18","81,82",2
369,4P43_1_B-A,44,18,"18,18","81,82",2
370,7DOK_1_T-P,44,20,"9,09","90,91",2
371,7ED5_1_J-I,44,20,"9,09","90,91",2
372,7KFN_1_B-C,44,21,"4,55","95,45",2
373,7PMM_1_D,44,17,"22,73","77,27",1
374,5ED1_1_C-B,45,21,"6,67","93,33",2
375,5ED2_1_F-E,45,21,"6,67","93,33",2
376,7ELQ_1_A,45,15,"33,33","66,67",1
377,6O7H_1_G-H,46,16,"30,43","69,57",2
378,3A6P_1_E-D,46,21,"8,7","91,3",2
379,3IAB_1_R,46,12,"47,83","52,17",1
380,1XJR_1_A,46,15,"34,78","65,22",1
381,2NUE_1_C,46,21,"8,7","91,3",1
382,5K7D_1_A,47,12,"48,94","51,06",1
383,4O26_1_E,47,17,"27,66","72,34",1
384,1S03_1_A,47,18,"23,4","76,6",1
385,1S03_1_B,47,18,"23,4","76,6",1
386,5JC7_1_X-Y,48,23,"4,17","95,83",2
387,3LQX_1_B,48,15,"37,5","62,5",1
388,7EOG_1_A,48,15,"37,5","62,5",1
389,2VPL_1_B,48,16,"33,33","66,67",1
390,5ZTM_1_C,48,17,"29,17","70,83",1
391,4C7O_1_E,48,20,"16,67","83,33",1
392,8GNA_1_C-J,49,13,"46,94","53,06",2
393,8EYU_1_A,49,13,"46,94","53,06",1
394,6LT7_1_C,49,14,"42,86","57,14",1
395,7WIE_1_V,49,16,"34,69","65,31",1
396,3WBM_1_X-Y,50,20,20,80,2
397,7JRR_1_A,50,13,48,52,1
398,8HBA_1_B,50,13,48,52,1
399,7K16_1_P,50,16,36,64,1
400,7D81_1_A,50,17,32,68,1
401,7CXM_1_J-I,51,24,"5,88","94,12",2
402,3NPQ_1_A,51,14,"45,1","54,9",1
403,7OAX_1_A,51,15,"41,18","58,82",1
404,7D7W_1_A,51,19,"25,49","74,51",1
405,7CYQ_1_J-I,52,24,"7,69","92,31",2
406,8GWE_1_J-I,52,24,"7,69","92,31",2
407,4ENC_1_A,52,15,"42,31","57,69",1
408,3E5C_1_A,52,16,"38,46","61,54",1
409,4OJI_1_A,52,19,"26,92","73,08",1
410,6TFF_1_A,52,20,"23,08","76,92",1
411,4GCW_1_B,53,14,"47,17","52,83",1
412,6YYT_1_P-Q-U-T,54,24,"11,11","88,89",4
413,4PKD_1_V,54,15,"44,44","55,56",1
414,7Y81_1_B-C,55,15,"45,45","54,55",2
415,1D4R_1_B-A,55,18,"34,55","65,45",2
416,1MZP_1_B,55,14,"49,09","50,91",1
417,6LAX_1_A,55,16,"41,82","58,18",1
418,4K27_1_U,55,17,"38,18","61,82",1
419,4RGE_1_C,55,20,"27,27","72,73",1
420,4JRC_1_B,56,17,"39,29","60,71",1
421,5LYS_1_B,56,21,25,75,1
422,1KUQ_1_B,57,19,"33,33","66,67",1
423,7D7V_1_A,57,19,"33,33","66,67",1
424,1ZX7_1_C-E-D-F,58,23,"20,69","79,31",4
425,1ZZ5_1_A-C-B-D,58,23,"20,69","79,31",4
426,3HJW_1_D,58,16,"44,83","55,17",1
427,6XJQ_1_A,58,18,"37,93","62,07",1
428,4M4O_1_B,59,20,"32,2","67,8",1
429,7KKV_1_B,59,21,"28,81","71,19",1
430,364D_1_C-B-A,60,19,"36,67","63,33",3
431,3BBM_1_B-C-A,60,20,"33,33","66,67",3
432,3HAX_1_E,60,16,"46,67","53,33",1
433,7O7Y_1_AT,60,17,"43,33","56,67",1
434,6DB9_1_R,60,18,40,60,1
435,3RW6_1_H,60,19,"36,67","63,33",1
436,7ZTA_1_ETR1,60,19,"36,67","63,33",1
437,6PMO_1_A,60,20,"33,33","66,67",1
438,5T5A_1_A,60,21,30,70,1
439,7Q80_1_B-C-A,61,20,"34,43","65,57",3
440,7Q82_1_C-B-A,61,20,"34,43","65,57",3
441,2RFK_1_E-D-F,61,24,"21,31","78,69",3
442,8GS2_1_R-D,61,21,"31,15","68,85",2
443,2HVY_1_E,61,16,"47,54","52,46",1
444,5DDP_1_A,61,17,"44,26","55,74",1
445,7VNV_1_A,61,17,"44,26","55,74",1
446,7DTE_1_F-G,62,29,"6,45","93,55",2
447,8E4X_1_C-D,62,29,"6,45","93,55",2
448,4YCP_1_B,62,18,"41,94","58,06",1
449,5BTP_1_B,62,18,"41,94","58,06",1
450,7ZTA_1_ATR1,62,19,"38,71","61,29",1
451,1SER_1_T,62,20,"35,48","64,52",1
452,8E0F_1_D-C,63,29,"7,94","92,06",2
453,6RFL_1_U,63,18,"42,86","57,14",1
454,1F7U_1_B,64,17,"46,88","53,12",1
455,6XA1_1_Bv,64,17,"46,88","53,12",1
456,5B63_1_D,64,18,"43,75","56,25",1
457,1YFG_1_A,64,19,"40,62","59,38",1
458,3NKB_1_B,64,19,"40,62","59,38",1
459,4XWF_1_A,64,19,"40,62","59,38",1
460,7Q4K_1_D2,64,19,"40,62","59,38",1
461,3SKL_1_B,64,24,25,75,1
462,3EGZ_1_B,65,17,"47,69","52,31",1
463,1H4S_1_T,65,20,"38,46","61,54",1
464,7MLX_1_R,65,23,"29,23","70,77",1
465,1B23_1_R,66,20,"39,39","60,61",1
466,7ONU_1_T,66,20,"39,39","60,61",1
467,6TB3_1_n,66,21,"36,36","63,64",1
468,1Y27_1_X,66,22,"33,33","66,67",1
469,7SZU_1_R,66,22,"33,33","66,67",1
470,3SKI_1_A,66,25,"24,24","75,76",1
471,7MKY_1_A,66,26,"21,21","78,79",1
472,4K4S_1_B-F-C-G-D-H,67,30,"10,45","89,55",6
473,8OIT_1_AG,67,17,"49,25","50,75",1
474,4WQ1_1_3K,67,19,"43,28","56,72",1
475,6YDP_1_BB,67,19,"43,28","56,72",1
476,1IL2_1_C,67,20,"40,3","59,7",1
477,5WT1_1_C,67,20,"40,3","59,7",1
478,6OF1_1_1w,67,20,"40,3","59,7",1
479,6ZDP_1_B,67,21,"37,31","62,69",1
480,7P7T_1_C,67,21,"37,31","62,69",1
481,4FEN_1_B,67,23,"31,34","68,66",1
482,3RKF_1_C,67,24,"28,36","71,64",1
483,6ZM6_1_w,68,19,"44,12","55,88",1
484,6P2H_1_A,68,20,"41,18","58,82",1
485,4PQV_1_A,68,21,"38,24","61,76",1
486,4QEI_1_C,68,21,"38,24","61,76",1
487,5HR6_1_C,68,21,"38,24","61,76",1
488,6GSL_1_1L,68,21,"38,24","61,76",1
489,2QUS_1_A,68,22,"35,29","64,71",1
490,7E8O_1_X,68,22,"35,29","64,71",1
491,5SWD_1_B,68,23,"32,35","67,65",1
492,6U8D_1_A,68,27,"20,59","79,41",1
493,7UOB_1_T-P,69,33,"4,35","95,65",2
494,3EPH_1_E,69,18,"47,83","52,17",1
495,3FOZ_1_D,69,18,"47,83","52,17",1
496,8A22_1_A9,69,18,"47,83","52,17",1
497,8FKW_1_L2,69,19,"44,93","55,07",1
498,1QF6_1_B,69,21,"39,13","60,87",1
499,7L0Z_1_G,69,21,"39,13","60,87",1
500,7N2V_1_Dt,69,21,"39,13","60,87",1
501,7QR4_1_B,69,21,"39,13","60,87",1
502,7QR3_1_C,69,22,"36,23","63,77",1
503,7U2I_1_1w,69,22,"36,23","63,77",1
504,8G60_1_At,69,22,"36,23","63,77",1
505,3MOJ_1_A,69,23,"33,33","66,67",1
506,3IVN_1_A,69,24,"30,43","69,57",1
507,3OL9_1_B-F-C-G-D-H,70,30,"14,29","85,71",6
508,5HR7_1_D,70,21,40,60,1
509,7QI4_1_Ax,70,21,40,60,1
510,6PMO_1_B,70,22,"37,14","62,86",1
511,1KXK_1_A,70,23,"34,29","65,71",1
512,5UD5_1_C,70,24,"31,43","68,57",1
513,6XN3_1_R-T,71,21,"40,85","59,15",2
514,7RE1_1_T-P,71,34,"4,23","95,77",2
515,2DU3_1_D,71,20,"43,66","56,34",1
516,4JXZ_1_B,71,20,"43,66","56,34",1
517,5KPY_1_A,71,20,"43,66","56,34",1
518,7QI6_1_Ax,71,20,"43,66","56,34",1
519,5L4O_1_A,71,21,"40,85","59,15",1
520,7N2V_1_Pt,71,21,"40,85","59,15",1
521,2ZZN_1_D,71,22,"38,03","61,97",1
522,3KFU_1_L,71,22,"38,03","61,97",1
523,2OIU_1_P,71,23,"35,21","64,79",1
524,2OIU_1_Q,71,23,"35,21","64,79",1
525,3LA5_1_A,71,24,"32,39","67,61",1
526,1Y26_1_X,71,25,"29,58","70,42",1
527,4LX6_1_A,71,25,"29,58","70,42",1
528,4XNR_1_X,71,25,"29,58","70,42",1
529,5TPY_1_A,71,25,"29,58","70,42",1
530,7XPL_1_G-H-I-J,72,31,"13,89","86,11",4
531,2AZX_1_D,72,19,"47,22","52,78",1
532,5AXM_1_P,72,20,"44,44","55,56",1
533,2AKE_1_B,72,21,"41,67","58,33",1
534,5E81_1_2K,72,21,"41,67","58,33",1
535,6CFJ_1_1x,72,21,"41,67","58,33",1
536,8GLP_1_Pt,72,21,"41,67","58,33",1
537,4PR6_1_B,72,22,"38,89","61,11",1
538,7AS8_1_2,73,19,"47,95","52,05",1
539,7OT5_1_z,73,19,"47,95","52,05",1
540,7UVZ_1_v,73,20,"45,21","54,79",1
541,4ZNP_1_A,73,21,"42,47","57,53",1
542,5E6M_1_C,73,21,"42,47","57,53",1
543,7P48_1_5,73,21,"42,47","57,53",1
544,1QTQ_1_B,74,20,"45,95","54,05",1
545,1U0B_1_A,74,20,"45,95","54,05",1
546,6YAL_1_1,74,20,"45,95","54,05",1
547,6YWE_1_bb,74,20,"45,95","54,05",1
548,3WFS_1_A,74,21,"43,24","56,76",1
549,4YYE_1_C,74,21,"43,24","56,76",1
550,8P2K_1_AT,74,21,"43,24","56,76",1
551,1J1U_1_B,74,22,"40,54","59,46",1
552,4PRF_1_B,74,22,"40,54","59,46",1
553,4YCO_1_D,74,22,"40,54","59,46",1
554,3AL0_1_E,74,23,"37,84","62,16",1
555,3Q3Z_1_V,74,24,"35,14","64,86",1
556,2CSX_1_C,75,20,"46,67","53,33",1
557,5X6B_1_P,75,20,"46,67","53,33",1
558,6T4Q_1_7,75,20,"46,67","53,33",1
559,6ZMI_1_CC,75,20,"46,67","53,33",1
560,5LZS_1_3,75,21,44,56,1
561,6R5Q_1_3,75,21,44,56,1
562,7LJ3_1_A,75,21,44,56,1
563,7P3K_1_V,75,21,44,56,1
564,8AM9_1_8,75,21,44,56,1
565,1GAX_1_D,75,22,"41,33","58,67",1
566,1N78_1_C,75,22,"41,33","58,67",1
567,1QU2_1_T,75,22,"41,33","58,67",1
568,4KZZ_1_j,75,22,"41,33","58,67",1
569,7PKT_1_0,75,22,"41,33","58,67",1
570,4V90_1_AV,76,20,"47,37","52,63",1
571,7AQC_1_T,76,20,"47,37","52,63",1
572,7QVP_1_B4,76,20,"47,37","52,63",1
573,7R81_1_t1,76,20,"47,37","52,63",1
574,7ZW0_1_sl,76,20,"47,37","52,63",1
575,7ZW0_1_sn,76,20,"47,37","52,63",1
576,4RDX_1_C,76,21,"44,74","55,26",1
577,6T4Q_1_6,76,21,"44,74","55,26",1
578,6WOO_1_3,76,21,"44,74","55,26",1
579,7P7Q_1_D,76,21,"44,74","55,26",1
580,8B2L_1_i2,76,21,"44,74","55,26",1
581,2ZUE_1_B,76,22,"42,11","57,89",1
582,8GKH_1_W,76,22,"42,11","57,89",1
583,7YSE_1_E,76,23,"39,47","60,53",1
584,4JF2_1_A,76,24,"36,84","63,16",1
585,5D5L_1_A,76,24,"36,84","63,16",1
586,3D2V_1_A,77,20,"48,05","51,95",1
587,7ZUX_1_7,77,20,"48,05","51,95",1
588,7B5K_1_x,77,21,"45,45","54,55",1
589,7ST2_1_5,77,21,"45,45","54,55",1
590,6UFG_1_B,77,22,"42,86","57,14",1
591,6UFM_1_A,77,22,"42,86","57,14",1
592,6UGG_1_B,77,22,"42,86","57,14",1
593,7K98_1_C,77,22,"42,86","57,14",1
594,5CCB_1_N,77,23,"40,26","59,74",1
595,6SVS_1_A,77,24,"37,66","62,34",1
596,6RJA_1_D,78,21,"46,15","53,85",1
597,3AMU_1_B,78,22,"43,59","56,41",1
598,7TZS_1_X,78,22,"43,59","56,41",1
599,2BTE_1_B,78,24,"38,46","61,54",1
600,8JOZ_1_B,79,25,"36,71","63,29",1
601,6CU1_1_A,79,28,"29,11","70,89",1
602,3U4M_1_B,80,22,45,55,1
603,1H3E_1_B,80,25,"37,5","62,5",1
604,8HMZ_1_5-3,81,24,"40,74","59,26",2
605,5AH5_1_D,81,23,"43,21","56,79",1
606,3AM1_1_B,81,30,"25,93","74,07",1
607,7KVU_1_G,82,23,"43,9","56,1",1
608,3ZGZ_1_B,82,25,"39,02","60,98",1
609,7YED_1_T-N-M,83,30,"27,71","72,29",3
610,4WSM_1_1K,83,22,"46,99","53,01",1
611,4KZD_1_R,83,25,"39,76","60,24",1
612,4YAZ_1_R,83,25,"39,76","60,24",1
613,7V94_1_B,83,26,"37,35","62,65",1
614,4P5J_1_A,83,27,"34,94","65,06",1
615,1G1X_1_D-E,84,27,"35,71","64,29",2
616,7O80_1_AT,84,23,"45,24","54,76",1
617,5U3G_1_B,84,24,"42,86","57,14",1
618,4FRG_1_B,84,25,"40,48","59,52",1
619,1G1X_1_J-I,85,27,"36,47","63,53",2
620,7UQ6_1_B,85,25,"41,18","58,82",1
621,7JNH_1_B,85,28,"34,12","65,88",1
622,7OIF_1_z,86,24,"44,19","55,81",1
623,3OXE_1_A,86,26,"39,53","60,47",1
624,3RG5_1_B,86,30,"30,23","69,77",1
625,5AOX_1_C,86,30,"30,23","69,77",1
626,7S36_1_R,87,23,"47,13","52,87",1
627,8G9Z_1_E,87,30,"31,03","68,97",1
628,8SH5_1_R,87,33,"24,14","75,86",1
629,3ADD_1_C,88,33,25,75,1
630,4TS2_1_Y-X,89,28,"37,08","62,92",2
631,7KGA_1_A,89,28,"37,08","62,92",1
632,4LVW_1_A,89,30,"32,58","67,42",1
633,5T83_1_A,90,23,"48,89","51,11",1
634,8HMY_1_T,90,25,"44,44","55,56",1
635,7KGA_1_B,90,29,"35,56","64,44",1
636,7UR5_1_v,90,30,"33,33","66,67",1
637,8DP3_1_R,90,35,"22,22","77,78",1
638,3MXH_1_R,91,25,"45,05","54,95",1
639,3CUL_1_C,91,26,"42,86","57,14",1
640,5T5H_1_H,91,27,"40,66","59,34",1
641,6MWN_1_B,91,30,"34,07","65,93",1
642,4RUM_1_A,92,29,"36,96","63,04",1
643,6S8B_1_V-U,93,34,"26,88","73,12",2
644,5X2G_1_B,93,24,"48,39","51,61",1
645,5FJC_1_A,93,29,"37,63","62,37",1
646,3P59_1_E-A-C-G-B-D-F-H,94,33,"29,79","70,21",8
647,5UNE_1_A-B,94,32,"31,91","68,09",2
648,4AOB_1_A,94,29,"38,3","61,7",1
649,7EAG_1_C-D-E-F-A-B,95,27,"43,16","56,84",6
650,7O7Z_1_AH,95,26,"45,26","54,74",1
651,6DVK_1_H,95,31,"34,74","65,26",1
652,6JOO_1_B,96,26,"45,83","54,17",1
653,6AZ3_1_5,97,25,"48,45","51,55",1
654,4OQU_1_A,97,32,"34,02","65,98",1
655,7JJU_1_A-B,98,32,"34,69","65,31",2
656,4RZD_1_A,98,28,"42,86","57,14",1
657,6UFM_1_B,98,29,"40,82","59,18",1
658,6N2V_1_A,98,32,"34,69","65,31",1
659,5U30_1_B,99,28,"43,43","56,57",1
660,6CB3_1_B,99,33,"33,33","66,67",1
661,6QN3_1_A-B,100,34,32,68,2
662,3SUX_1_X,100,30,40,60,1
663,6DME_1_A,100,31,38,62,1
664,4WFL_1_A,105,35,"33,33","66,67",1
665,6DLR_1_A,106,32,"39,62","60,38",1
666,3F2X_1_X,107,32,"40,19","59,81",1
667,4Y1M_1_B,107,36,"32,71","67,29",1
668,4QLM_1_A,108,35,"35,19","64,81",1
669,6CK5_1_A,108,35,"35,19","64,81",1
670,6DN2_1_Y-X,109,32,"41,28","58,72",2
671,5C45_1_X-Y,110,33,40,60,2
672,7JIL_1_3,110,31,"43,64","56,36",1
673,8BF8_1_B,111,36,"35,14","64,86",1
674,6OL3_1_C,111,46,"17,12","82,88",1
675,8C6J_1_5,113,35,"38,05","61,95",1
676,5T5H_1_D,114,33,"42,11","57,89",1
677,7P7Q_1_B,114,33,"42,11","57,89",1
678,8A57_1_B,114,33,"42,11","57,89",1
679,5WTI_1_B,115,30,"47,83","52,17",1
680,7SFR_1_B,115,30,"47,83","52,17",1
681,7WAY_1_D,115,30,"47,83","52,17",1
682,7UW1_1_B,115,33,"42,61","57,39",1
683,7C7L_1_C,116,35,"39,66","60,34",1
684,7PWO_1_3,117,34,"41,88","58,12",1
685,7UNW_1_B,117,36,"38,46","61,54",1
686,6ERI_1_Ax,118,35,"40,68","59,32",1
687,6AZ3_1_8,118,36,"38,98","61,02",1
688,8EUG_1_9,118,37,"37,29","62,71",1
689,7QCA_1_L70,119,34,"42,86","57,14",1
690,7QGG_1_E,119,34,"42,86","57,14",1
691,6ZU5_1_L70,119,35,"41,18","58,82",1
692,7O7Y_1_B7,119,35,"41,18","58,82",1
693,7QEP_1_2,119,35,"41,18","58,82",1
694,8AZW_1_C,119,35,"41,18","58,82",1
695,7OYC_1_71,119,36,"39,5","60,5",1
696,7OLC_1_3,119,37,"37,82","62,18",1
697,8CVM_1_b,120,35,"41,67","58,33",1
698,5J7L_1_DB,120,36,40,60,1
699,5T5H_1_G,120,36,40,60,1
700,7CPU_1_L7,120,36,40,60,1
701,7R81_1_B1,120,36,40,60,1
702,8GLP_1_L7,120,36,40,60,1
703,7OYB_1_71,120,37,"38,33","61,67",1
704,7RQB_1_1B,120,37,"38,33","61,67",1
705,5TBW_1_AS,121,37,"38,84","61,16",1
706,7PZY_1_3,121,37,"38,84","61,16",1
707,4V9F_1_9,122,32,"47,54","52,46",1
708,7A0S_1_Y,122,32,"47,54","52,46",1
709,8HKU_1_A5S,122,40,"34,43","65,57",1
710,2Z75_1_B,123,32,"47,97","52,03",1
711,6TPQ_1_V,123,36,"41,46","58,54",1
712,6SKG_1_BB,125,37,"40,8","59,2",1
713,1L9A_1_B,125,39,"37,6","62,4",1
714,7MLW_1_F,125,40,36,64,1
715,6N5P_1_A,126,36,"42,86","57,14",1
716,3V7E_1_C,126,46,"26,98","73,02",1
717,1MFQ_1_A,127,41,"35,43","64,57",1
718,7WJU_1_C,133,41,"38,35","61,65",1
719,3HHN_1_E,136,45,"33,82","66,18",1
720,3NDB_1_M,136,45,"33,82","66,18",1
721,8SP9_1_C,136,49,"27,94","72,06",1
722,3G9C_1_Q,140,42,40,60,1
723,6JDV_1_B,143,45,"37,06","62,94",1
724,8DZJ_1_E,153,43,"43,79","56,21",1
725,1U9S_1_A,155,49,"36,77","63,23",1
726,2R8S_1_R,159,45,"43,4","56,6",1
727,6UFG_1_A,160,46,"42,5","57,5",1
728,3PDR_1_X,161,50,"37,89","62,11",1
729,3D0U_1_A,161,56,"30,43","69,57",1
730,6JQ5_1_B-A,163,51,"37,42","62,58",2
731,3DIL_1_A,173,62,"28,32","71,68",1
732,6AZ3_1_3,176,46,"47,73","52,27",1
733,7DCO_1_B,179,47,"47,49","52,51",1
734,7XHT_1_B,179,50,"44,13","55,87",1
735,6AZ3_1_4,182,48,"47,25","52,75",1
736,7UTN_1_C,184,52,"43,48","56,52",1
737,6GYV_1_A,190,61,"35,79","64,21",1
